<?xml version="1.0" encoding="UTF-8"?>
<metadata modelVersion="1.1.0">
  <groupId>org.springframework.boot</groupId>
  <artifactId>spring-boot-dependencies</artifactId>
  <version>2.7.15-SNAPSHOT</version>
  <versioning>
    <snapshot>
      <timestamp>20230823.194128</timestamp>
      <buildNumber>52</buildNumber>
    </snapshot>
    <lastUpdated>20230823194707</lastUpdated>
    <snapshotVersions>
      <snapshotVersion>
        <extension>pom.asc</extension>
        <value>2.7.15-20230823.194128-52</value>
        <updated>20230823194128</updated>
      </snapshotVersion>
      <snapshotVersion>
        <extension>pom</extension>
        <value>2.7.15-20230823.194128-52</value>
        <updated>20230823194128</updated>
      </snapshotVersion>
    </snapshotVersions>
  </versioning>
</metadata>
