<?xml version="1.0" encoding="UTF-8"?>
<metadata modelVersion="1.1.0">
  <groupId>org.springframework.boot</groupId>
  <artifactId>spring-boot</artifactId>
  <version>2.7.18-SNAPSHOT</version>
  <versioning>
    <snapshot>
      <timestamp>20231019.083029</timestamp>
      <buildNumber>3</buildNumber>
    </snapshot>
    <lastUpdated>20231019083102</lastUpdated>
    <snapshotVersions>
      <snapshotVersion>
        <extension>pom.asc</extension>
        <value>2.7.18-20231019.083029-3</value>
        <updated>20231019083029</updated>
      </snapshotVersion>
      <snapshotVersion>
        <classifier>javadoc</classifier>
        <extension>jar</extension>
        <value>2.7.18-20231019.083029-3</value>
        <updated>20231019083029</updated>
      </snapshotVersion>
      <snapshotVersion>
        <classifier>sources</classifier>
        <extension>jar</extension>
        <value>2.7.18-20231019.083029-3</value>
        <updated>20231019083029</updated>
      </snapshotVersion>
      <snapshotVersion>
        <extension>jar</extension>
        <value>2.7.18-20231019.083029-3</value>
        <updated>20231019083029</updated>
      </snapshotVersion>
      <snapshotVersion>
        <extension>jar.asc</extension>
        <value>2.7.18-20231019.083029-3</value>
        <updated>20231019083029</updated>
      </snapshotVersion>
      <snapshotVersion>
        <classifier>javadoc</classifier>
        <extension>jar.asc</extension>
        <value>2.7.18-20231019.083029-3</value>
        <updated>20231019083029</updated>
      </snapshotVersion>
      <snapshotVersion>
        <extension>pom</extension>
        <value>2.7.18-20231019.083029-3</value>
        <updated>20231019083029</updated>
      </snapshotVersion>
      <snapshotVersion>
        <extension>module.asc</extension>
        <value>2.7.18-20231019.083029-3</value>
        <updated>20231019083029</updated>
      </snapshotVersion>
      <snapshotVersion>
        <extension>module</extension>
        <value>2.7.18-20231019.083029-3</value>
        <updated>20231019083029</updated>
      </snapshotVersion>
      <snapshotVersion>
        <classifier>sources</classifier>
        <extension>jar.asc</extension>
        <value>2.7.18-20231019.083029-3</value>
        <updated>20231019083029</updated>
      </snapshotVersion>
    </snapshotVersions>
  </versioning>
</metadata>
